caption,date
restarting my feed :3,04/19/25
ğŸ˜‡ğŸ˜‡,04/14/25
me again ğŸ˜‡,04/11/25
ğŸ¤ğŸ¤,04/10/25
blessing ur feed <3,04/09/25
a little throwback ğŸ™Š,04/09/25
ğŸ€ğŸ™ˆ,04/09/25
let me knowâ€¦ â˜ºï¸ğŸ‘‡ğŸ» (comment below),04/09/25
<3,04/08/25
Do you agree? ğŸ˜¼,04/06/25
throwback thursday ğŸ¤,04/03/25
wyd rn  ,12/02/23
pull down more?,12/01/23
wyd rn?  ,10/25/23
Me or the PS5?,10/22/23
hiiiii,10/09/23
should i start posting more here?,10/02/23
wyd,09/18/23
who up rn,09/17/23
havenâ€™t posted on here in awhileâ€¦ ooops ğŸ™Š,09/08/23
like this?,07/13/23
stay up with me?,07/12/23
say hi or else,07/09/23
wyd rn  ,07/09/23
07/08/23,gracexglenn
